match_id;date;location;title;primary_guild;participants_shown;participants_reported;source_document;rank;player_name;guild;team;kills;assists;damage;damage_taken;healing;loadout
2026-05-23-scorched-lands;23.05.2026;Выжженные земли;Avengers vs x Mark;Avengers;100;108;src/data/matches.csv;1;NotFound;Avengers;;86;133;1993268;682724;48575;Кинжал + Копье
2026-05-23-scorched-lands;23.05.2026;Выжженные земли;Avengers vs x Mark;Avengers;100;108;src/data/matches.csv;2;Funeral;Avengers;;81;164;2023014;458608;404185;Лук + Стаф
2026-05-23-scorched-lands;23.05.2026;Выжженные земли;Avengers vs x Mark;Avengers;100;108;src/data/matches.csv;3;TERNOS;Avengers;;76;163;1934051;603194;54335;Кинжал + Копье
2026-05-23-scorched-lands;23.05.2026;Выжженные земли;Avengers vs x Mark;Avengers;100;108;src/data/matches.csv;4;Farius;Avengers;;76;154;2069237;412961;32626;Кинжал + Копье
2026-05-23-scorched-lands;23.05.2026;Выжженные земли;Avengers vs x Mark;Avengers;100;108;src/data/matches.csv;5;PowQQ;Avengers;;75;185;2145756;466407;49464;Кинжал + Копье
2026-05-23-scorched-lands;23.05.2026;Выжженные земли;Avengers vs x Mark;Avengers;100;108;src/data/matches.csv;6;Shax;Avengers;;67;61;816775;271521;36049;Арбалет + Кинжал
2026-05-23-scorched-lands;23.05.2026;Выжженные земли;Avengers vs x Mark;Avengers;100;108;src/data/matches.csv;7;Nuker;x Mark;;64;88;1482938;467476;55466;Кинжал + Копье
2026-05-23-scorched-lands;23.05.2026;Выжженные земли;Avengers vs x Mark;Avengers;100;108;src/data/matches.csv;8;JeleBoss;Avengers;;64;80;1430463;471375;69375;Кинжал + Копье
2026-05-23-scorched-lands;23.05.2026;Выжженные земли;Avengers vs x Mark;Avengers;100;108;src/data/matches.csv;9;AvatarAcari;x Mark;;56;130;1819670;544285;56560;Кинжал + Копье
2026-05-23-scorched-lands;23.05.2026;Выжженные земли;Avengers vs x Mark;Avengers;100;108;src/data/matches.csv;10;S1non;x Mark;;49;107;1647144;459710;53826;Кинжал + Копье
2026-05-23-scorched-lands;23.05.2026;Выжженные земли;Avengers vs x Mark;Avengers;100;108;src/data/matches.csv;11;Senslvity;Avengers;;47;131;1370482;714216;430436;Лук + Кинжал
2026-05-23-scorched-lands;23.05.2026;Выжженные земли;Avengers vs x Mark;Avengers;100;108;src/data/matches.csv;12;iNell;Avengers;;47;91;879359;304721;49450;Арбалет + Кинжал
2026-05-23-scorched-lands;23.05.2026;Выжженные земли;Avengers vs x Mark;Avengers;100;108;src/data/matches.csv;13;THARESPECT;x Mark;;41;102;1507566;519002;52944;Кинжал + Копье
2026-05-23-scorched-lands;23.05.2026;Выжженные земли;Avengers vs x Mark;Avengers;100;108;src/data/matches.csv;14;Luciquiell;Avengers;;41;81;922409;476255;47897;Лук + Стаф
2026-05-23-scorched-lands;23.05.2026;Выжженные земли;Avengers vs x Mark;Avengers;100;108;src/data/matches.csv;15;Toohead;x Mark;;39;83;1209967;534546;68842;Кинжал + Копье
2026-05-23-scorched-lands;23.05.2026;Выжженные земли;Avengers vs x Mark;Avengers;100;108;src/data/matches.csv;16;VU1VAL1CKER2007;x Mark;;38;103;1413654;529926;85856;Кинжал + Копье
2026-05-23-scorched-lands;23.05.2026;Выжженные земли;Avengers vs x Mark;Avengers;100;108;src/data/matches.csv;17;IIIII;x Mark;;37;94;1274434;471024;63620;Кинжал + Копье
2026-05-23-scorched-lands;23.05.2026;Выжженные земли;Avengers vs x Mark;Avengers;100;108;src/data/matches.csv;18;Плохиш;x Mark;;36;90;1229582;416228;46344;Кинжал + Копье
2026-05-23-scorched-lands;23.05.2026;Выжженные земли;Avengers vs x Mark;Avengers;100;108;src/data/matches.csv;19;Motion;x Mark;;36;87;1268052;565933;67835;Кинжал + Копье
2026-05-23-scorched-lands;23.05.2026;Выжженные земли;Avengers vs x Mark;Avengers;100;108;src/data/matches.csv;20;Osss;Avengers;;34;88;881079;529918;43592;Кинжал + Копье
2026-05-23-scorched-lands;23.05.2026;Выжженные земли;Avengers vs x Mark;Avengers;100;108;src/data/matches.csv;21;twixter;x Mark;;34;68;919000;390057;53023;Кинжал + Копье
2026-05-23-scorched-lands;23.05.2026;Выжженные земли;Avengers vs x Mark;Avengers;100;108;src/data/matches.csv;22;GladiatorOzachi;x Mark;;33;101;1350266;605786;46273;Кинжал + Копье
2026-05-23-scorched-lands;23.05.2026;Выжженные земли;Avengers vs x Mark;Avengers;100;108;src/data/matches.csv;23;Sanx;Avengers;;33;79;920201;304910;39157;Кинжал + Копье
2026-05-23-scorched-lands;23.05.2026;Выжженные земли;Avengers vs x Mark;Avengers;100;108;src/data/matches.csv;24;Shine;Avengers;;29;124;1050666;702996;240734;Лук + Стаф
2026-05-23-scorched-lands;23.05.2026;Выжженные земли;Avengers vs x Mark;Avengers;100;108;src/data/matches.csv;25;Azazalalka;Avengers;;29;113;1060093;519364;61144;Кинжал + Копье
2026-05-23-scorched-lands;23.05.2026;Выжженные земли;Avengers vs x Mark;Avengers;100;108;src/data/matches.csv;26;Niro;Avengers;;29;62;508672;210671;31247;Щит + Двурук
2026-05-23-scorched-lands;23.05.2026;Выжженные земли;Avengers vs x Mark;Avengers;100;108;src/data/matches.csv;27;Mugo;x Mark;;27;29;558520;417631;90071;Арбалет + Кинжал
2026-05-23-scorched-lands;23.05.2026;Выжженные земли;Avengers vs x Mark;Avengers;100;108;src/data/matches.csv;28;sergeantPussI;x Mark;;26;84;1287569;445807;50935;Кинжал + Копье
2026-05-23-scorched-lands;23.05.2026;Выжженные земли;Avengers vs x Mark;Avengers;100;108;src/data/matches.csv;29;leaferia;x Mark;;25;56;643600;414587;54157;Кинжал + Копье
2026-05-23-scorched-lands;23.05.2026;Выжженные земли;Avengers vs x Mark;Avengers;100;108;src/data/matches.csv;30;hujayra;x Mark;;25;54;759407;633706;73779;Кинжал + Копье
2026-05-23-scorched-lands;23.05.2026;Выжженные земли;Avengers vs x Mark;Avengers;100;108;src/data/matches.csv;31;xZergerTTV;Avengers;;24;65;299041;239227;31126;Щит + Двурук
2026-05-23-scorched-lands;23.05.2026;Выжженные земли;Avengers vs x Mark;Avengers;100;108;src/data/matches.csv;32;Azula;xAvengers;;23;68;666888;443299;67320;Кинжал + Копье
2026-05-23-scorched-lands;23.05.2026;Выжженные земли;Avengers vs x Mark;Avengers;100;108;src/data/matches.csv;33;zanka;x Mark;;23;63;651241;328035;84852;Кинжал + Копье
2026-05-23-scorched-lands;23.05.2026;Выжженные земли;Avengers vs x Mark;Avengers;100;108;src/data/matches.csv;34;Hurioku;Avengers;;22;34;239893;374018;51387;Кинжал + Двурук
2026-05-23-scorched-lands;23.05.2026;Выжженные земли;Avengers vs x Mark;Avengers;100;108;src/data/matches.csv;35;hakori;x Mark;;20;48;583742;405828;66290;Арбалет + Кинжал
2026-05-23-scorched-lands;23.05.2026;Выжженные земли;Avengers vs x Mark;Avengers;100;108;src/data/matches.csv;36;RedkiyGad;x Mark;;18;64;835355;291460;42910;Кинжал + Копье
2026-05-23-scorched-lands;23.05.2026;Выжженные земли;Avengers vs x Mark;Avengers;100;108;src/data/matches.csv;37;beHawk;Avengers;;14;14;223153;190927;14750;Кинжал + Двурук
2026-05-23-scorched-lands;23.05.2026;Выжженные земли;Avengers vs x Mark;Avengers;100;108;src/data/matches.csv;38;Scythe;Avengers;;10;41;303725;475026;83416;Щит + Двурук
2026-05-23-scorched-lands;23.05.2026;Выжженные земли;Avengers vs x Mark;Avengers;100;108;src/data/matches.csv;39;Himidik;Avengers;;8;51;416007;455026;41948;Кинжал + Копье
2026-05-23-scorched-lands;23.05.2026;Выжженные земли;Avengers vs x Mark;Avengers;100;108;src/data/matches.csv;40;NOCT;Avengers;;6;38;224356;98984;1445900;Лук + Ванда
2026-05-23-scorched-lands;23.05.2026;Выжженные земли;Avengers vs x Mark;Avengers;100;108;src/data/matches.csv;41;Laguna;Avengers;;4;16;200388;271954;1643354;Лук + Ванда
2026-05-23-scorched-lands;23.05.2026;Выжженные земли;Avengers vs x Mark;Avengers;100;108;src/data/matches.csv;42;ХолодныеРучки;x Mark;;4;6;108197;629585;1293979;Лук + Ванда
2026-05-23-scorched-lands;23.05.2026;Выжженные земли;Avengers vs x Mark;Avengers;100;108;src/data/matches.csv;43;seey;Avengers;;3;36;124921;111563;2240890;Лук + Ванда
2026-05-23-scorched-lands;23.05.2026;Выжженные земли;Avengers vs x Mark;Avengers;100;108;src/data/matches.csv;44;DeSad;Avengers;;3;32;92170;267339;58269;Щит + Двурук
2026-05-23-scorched-lands;23.05.2026;Выжженные земли;Avengers vs x Mark;Avengers;100;108;src/data/matches.csv;45;D1votee;Avengers;;3;19;77243;657637;80501;Щит + Двурук
2026-05-23-scorched-lands;23.05.2026;Выжженные земли;Avengers vs x Mark;Avengers;100;108;src/data/matches.csv;46;cirilz;Avengers;;3;16;118460;609406;154701;Щит + Двурук
2026-05-23-scorched-lands;23.05.2026;Выжженные земли;Avengers vs x Mark;Avengers;100;108;src/data/matches.csv;47;Dianella;x Mark;;3;11;95047;416682;1086300;Лук + Ванда
2026-05-23-scorched-lands;23.05.2026;Выжженные земли;Avengers vs x Mark;Avengers;100;108;src/data/matches.csv;48;Xoakinn;x Mark;;3;11;89535;520169;76413;Щит + Двурук
2026-05-23-scorched-lands;23.05.2026;Выжженные земли;Avengers vs x Mark;Avengers;100;108;src/data/matches.csv;49;sowca;x Mark;;3;8;97717;272841;1286039;Лук + Ванда
2026-05-23-scorched-lands;23.05.2026;Выжженные земли;Avengers vs x Mark;Avengers;100;108;src/data/matches.csv;50;Mordred;Avengers;;3;8;77456;582453;144161;Щит + Двурук
2026-05-23-scorched-lands;23.05.2026;Выжженные земли;Avengers vs x Mark;Avengers;100;108;src/data/matches.csv;51;b33ha;Avengers;;3;6;97885;388305;1511765;Лук + Ванда
2026-05-23-scorched-lands;23.05.2026;Выжженные земли;Avengers vs x Mark;Avengers;100;108;src/data/matches.csv;52;GodDI;x Mark;;3;5;70504;724706;149652;Щит + Двурук
2026-05-23-scorched-lands;23.05.2026;Выжженные земли;Avengers vs x Mark;Avengers;100;108;src/data/matches.csv;53;Hmem;Avengers;;2;28;179384;818305;118773;Щит + Двурук
2026-05-23-scorched-lands;23.05.2026;Выжженные земли;Avengers vs x Mark;Avengers;100;108;src/data/matches.csv;54;Arslonga;Avengers;;2;26;73405;133816;1463296;Лук + Ванда
2026-05-23-scorched-lands;23.05.2026;Выжженные земли;Avengers vs x Mark;Avengers;100;108;src/data/matches.csv;55;Delri;Avengers;;2;23;170795;454474;2324982;Лук + Ванда
2026-05-23-scorched-lands;23.05.2026;Выжженные земли;Avengers vs x Mark;Avengers;100;108;src/data/matches.csv;56;CheerfulFox;x Mark;;2;23;145307;564181;121398;Щит + Двурук
2026-05-23-scorched-lands;23.05.2026;Выжженные земли;Avengers vs x Mark;Avengers;100;108;src/data/matches.csv;57;IVOV;x Mark;;2;16;169198;467554;1458622;Лук + Ванда
2026-05-23-scorched-lands;23.05.2026;Выжженные земли;Avengers vs x Mark;Avengers;100;108;src/data/matches.csv;58;Sonyaltywka;Avengers;;2;15;180956;363737;1129261;Лук + Ванда
2026-05-23-scorched-lands;23.05.2026;Выжженные земли;Avengers vs x Mark;Avengers;100;108;src/data/matches.csv;59;Exabus;Avengers;;2;15;141688;341600;2004452;Лук + Ванда
2026-05-23-scorched-lands;23.05.2026;Выжженные земли;Avengers vs x Mark;Avengers;100;108;src/data/matches.csv;60;Cardinal;Avengers;;2;13;156849;270778;1141219;Лук + Ванда
2026-05-23-scorched-lands;23.05.2026;Выжженные земли;Avengers vs x Mark;Avengers;100;108;src/data/matches.csv;61;Трюфель;x Mark;;2;13;121720;513754;134483;Щит + Двурук
2026-05-23-scorched-lands;23.05.2026;Выжженные земли;Avengers vs x Mark;Avengers;100;108;src/data/matches.csv;62;ЛёхаКошмар;x Mark;;2;13;87532;402587;83732;Щит + Двурук
2026-05-23-scorched-lands;23.05.2026;Выжженные земли;Avengers vs x Mark;Avengers;100;108;src/data/matches.csv;63;IIIII;x Mark;;1;25;135842;370334;64131;Щит + Двурук
2026-05-23-scorched-lands;23.05.2026;Выжженные земли;Avengers vs x Mark;Avengers;100;108;src/data/matches.csv;64;mnegrustno;Avengers;;1;17;120508;165994;947392;Лук + Ванда
2026-05-23-scorched-lands;23.05.2026;Выжженные земли;Avengers vs x Mark;Avengers;100;108;src/data/matches.csv;65;Bellial;Avengers;;1;15;172991;369530;2069241;Лук + Ванда
2026-05-23-scorched-lands;23.05.2026;Выжженные земли;Avengers vs x Mark;Avengers;100;108;src/data/matches.csv;66;Bullet;x Mark;;1;13;104419;340825;1173999;Лук + Ванда
2026-05-23-scorched-lands;23.05.2026;Выжженные земли;Avengers vs x Mark;Avengers;100;108;src/data/matches.csv;67;Fiarcherry;xAvengers;;1;12;96460;620647;1255941;Лук + Ванда
2026-05-23-scorched-lands;23.05.2026;Выжженные земли;Avengers vs x Mark;Avengers;100;108;src/data/matches.csv;68;SwordMuse;x Mark;;1;12;53594;562190;95392;Щит + Двурук
2026-05-23-scorched-lands;23.05.2026;Выжженные земли;Avengers vs x Mark;Avengers;100;108;src/data/matches.csv;69;Arn1ca;x Mark;;1;11;98497;331127;1228271;Лук + Ванда
2026-05-23-scorched-lands;23.05.2026;Выжженные земли;Avengers vs x Mark;Avengers;100;108;src/data/matches.csv;70;GachiBear;Avengers;;1;10;62917;526687;134473;Щит + Двурук
2026-05-23-scorched-lands;23.05.2026;Выжженные земли;Avengers vs x Mark;Avengers;100;108;src/data/matches.csv;71;anake;x Mark;;1;9;85905;383675;1418474;Лук + Ванда
2026-05-23-scorched-lands;23.05.2026;Выжженные земли;Avengers vs x Mark;Avengers;100;108;src/data/matches.csv;72;Тукиту;Avengers;;1;9;85364;466130;1530661;Лук + Ванда
2026-05-23-scorched-lands;23.05.2026;Выжженные земли;Avengers vs x Mark;Avengers;100;108;src/data/matches.csv;73;COMsA;Avengers;;1;9;71330;429915;103156;Щит + Двурук
2026-05-23-scorched-lands;23.05.2026;Выжженные земли;Avengers vs x Mark;Avengers;100;108;src/data/matches.csv;74;Kiray;Avengers;;1;8;86998;448264;1155154;Лук + Ванда
2026-05-23-scorched-lands;23.05.2026;Выжженные земли;Avengers vs x Mark;Avengers;100;108;src/data/matches.csv;75;Tuna;x Mark;;1;7;129002;601145;2159906;Лук + Ванда
2026-05-23-scorched-lands;23.05.2026;Выжженные земли;Avengers vs x Mark;Avengers;100;108;src/data/matches.csv;76;ILord;Avengers;;1;7;91129;551095;1454386;Лук + Ванда
2026-05-23-scorched-lands;23.05.2026;Выжженные земли;Avengers vs x Mark;Avengers;100;108;src/data/matches.csv;77;vahmist;x Mark;;1;3;121225;458237;1194117;Лук + Ванда
2026-05-23-scorched-lands;23.05.2026;Выжженные земли;Avengers vs x Mark;Avengers;100;108;src/data/matches.csv;78;derzkay;x Mark;;1;3;74686;470116;1506217;Лук + Ванда
2026-05-23-scorched-lands;23.05.2026;Выжженные земли;Avengers vs x Mark;Avengers;100;108;src/data/matches.csv;79;Leper;Avengers;;1;2;32710;609511;57252;Щит + Двурук
2026-05-23-scorched-lands;23.05.2026;Выжженные земли;Avengers vs x Mark;Avengers;100;108;src/data/matches.csv;80;magabebe;Avengers;;0;27;70091;193151;50118;Щит + Двурук
2026-05-23-scorched-lands;23.05.2026;Выжженные земли;Avengers vs x Mark;Avengers;100;108;src/data/matches.csv;81;Vamp1R;Avengers;;0;21;170200;406339;69443;Щит + Двурук
2026-05-23-scorched-lands;23.05.2026;Выжженные земли;Avengers vs x Mark;Avengers;100;108;src/data/matches.csv;82;OboYouDno;Avengers;;0;20;189638;479708;1632342;Лук + Ванда
2026-05-23-scorched-lands;23.05.2026;Выжженные земли;Avengers vs x Mark;Avengers;100;108;src/data/matches.csv;83;anon1S;x Mark;;0;16;59651;608370;113007;Щит + Двурук
2026-05-23-scorched-lands;23.05.2026;Выжженные земли;Avengers vs x Mark;Avengers;100;108;src/data/matches.csv;84;дтмл;Avengers;;0;15;77040;511018;119438;Щит + Двурук
2026-05-23-scorched-lands;23.05.2026;Выжженные земли;Avengers vs x Mark;Avengers;100;108;src/data/matches.csv;85;LoveFake;x Mark;;0;14;149300;615176;109578;Щит + Двурук
2026-05-23-scorched-lands;23.05.2026;Выжженные земли;Avengers vs x Mark;Avengers;100;108;src/data/matches.csv;86;KORKA;x Mark;;0;12;82561;633163;111723;Щит + Двурук
2026-05-23-scorched-lands;23.05.2026;Выжженные земли;Avengers vs x Mark;Avengers;100;108;src/data/matches.csv;87;Hurricane;Avengers;;0;11;87692;362452;1653797;Лук + Ванда
2026-05-23-scorched-lands;23.05.2026;Выжженные земли;Avengers vs x Mark;Avengers;100;108;src/data/matches.csv;88;littlepohui;x Mark;;0;10;113908;587548;2184244;Лук + Ванда
2026-05-23-scorched-lands;23.05.2026;Выжженные земли;Avengers vs x Mark;Avengers;100;108;src/data/matches.csv;89;Sorched;x Mark;;0;10;80957;538903;126816;Щит + Двурук
2026-05-23-scorched-lands;23.05.2026;Выжженные земли;Avengers vs x Mark;Avengers;100;108;src/data/matches.csv;90;Harday;x Mark;;0;10;48364;550765;126896;Щит + Двурук
2026-05-23-scorched-lands;23.05.2026;Выжженные земли;Avengers vs x Mark;Avengers;100;108;src/data/matches.csv;91;Andraste;x Mark;;0;9;88047;400393;963602;Лук + Ванда
2026-05-23-scorched-lands;23.05.2026;Выжженные земли;Avengers vs x Mark;Avengers;100;108;src/data/matches.csv;92;dvchel;Avengers;;0;9;67715;571493;154053;Щит + Двурук
2026-05-23-scorched-lands;23.05.2026;Выжженные земли;Avengers vs x Mark;Avengers;100;108;src/data/matches.csv;93;Raumpanzer;x Mark;;0;9;55490;455191;100931;Щит + Двурук
2026-05-23-scorched-lands;23.05.2026;Выжженные земли;Avengers vs x Mark;Avengers;100;108;src/data/matches.csv;94;Mant1s;Avengers;;0;9;49398;466500;98751;Щит + Двурук
2026-05-23-scorched-lands;23.05.2026;Выжженные земли;Avengers vs x Mark;Avengers;100;108;src/data/matches.csv;95;hvNz;x Mark;;0;8;85650;527855;74627;Щит + Двурук
2026-05-23-scorched-lands;23.05.2026;Выжженные земли;Avengers vs x Mark;Avengers;100;108;src/data/matches.csv;96;s0und;x Mark;;0;7;36474;651518;133913;Щит + Двурук
2026-05-23-scorched-lands;23.05.2026;Выжженные земли;Avengers vs x Mark;Avengers;100;108;src/data/matches.csv;97;Seirent;Avengers;;0;6;127821;519308;1467815;Лук + Ванда
2026-05-23-scorched-lands;23.05.2026;Выжженные земли;Avengers vs x Mark;Avengers;100;108;src/data/matches.csv;98;Sprightly;x Mark;;0;6;44342;564114;101305;Щит + Двурук
2026-05-23-scorched-lands;23.05.2026;Выжженные земли;Avengers vs x Mark;Avengers;100;108;src/data/matches.csv;99;Враг;x Mark;;0;6;20902;583259;416462;Щит + Двурук
2026-05-23-scorched-lands;23.05.2026;Выжженные земли;Avengers vs x Mark;Avengers;100;108;src/data/matches.csv;100;Мурсhella;x Mark;;0;5;63763;369519;1238072;Лук + Ванда
2026-05-25-shattered-temple;25.05.2026;Shattered Temple;Avengers vs Daikon;Avengers;96;96;src/data/matches.csv;1;Senslvity;Avengers;;81;118;2352529;400883;469713;Лук + Кинжал
2026-05-25-shattered-temple;25.05.2026;Shattered Temple;Avengers vs Daikon;Avengers;96;96;src/data/matches.csv;2;Funeral;Avengers;;74;162;2530731;520749;475035;Лук + Стаф
2026-05-25-shattered-temple;25.05.2026;Shattered Temple;Avengers vs Daikon;Avengers;96;96;src/data/matches.csv;3;iNell;Avengers;;58;62;985923;212896;36220;Арбалет + Кинжал
2026-05-25-shattered-temple;25.05.2026;Shattered Temple;Avengers vs Daikon;Avengers;96;96;src/data/matches.csv;4;Farius;Avengers;;56;107;1874838;329155;32649;Кинжал + Копье
2026-05-25-shattered-temple;25.05.2026;Shattered Temple;Avengers vs Daikon;Avengers;96;96;src/data/matches.csv;5;PowQQ;Avengers;;47;94;1545303;402380;45543;Кинжал + Копье
2026-05-25-shattered-temple;25.05.2026;Shattered Temple;Avengers vs Daikon;Avengers;96;96;src/data/matches.csv;6;st0n3;Avengers;;43;83;1275340;385541;99290;Арбалет + Двурук
2026-05-25-shattered-temple;25.05.2026;Shattered Temple;Avengers vs Daikon;Avengers;96;96;src/data/matches.csv;7;Rose;Daikon X;;39;79;1527062;734006;340491;Лук + Стаф
2026-05-25-shattered-temple;25.05.2026;Shattered Temple;Avengers vs Daikon;Avengers;96;96;src/data/matches.csv;8;Shax;Avengers;;39;59;800064;287127;40562;Арбалет + Кинжал
2026-05-25-shattered-temple;25.05.2026;Shattered Temple;Avengers vs Daikon;Avengers;96;96;src/data/matches.csv;9;Formxt;Avengers;;36;103;1382301;412161;57757;Кинжал + Копье
2026-05-25-shattered-temple;25.05.2026;Shattered Temple;Avengers vs Daikon;Avengers;96;96;src/data/matches.csv;10;Russer;Daikon X;;32;57;1547966;599863;61730;Кинжал + Копье
2026-05-25-shattered-temple;25.05.2026;Shattered Temple;Avengers vs Daikon;Avengers;96;96;src/data/matches.csv;11;Luciquiell;Avengers;;29;90;1311462;391856;199299;Лук + Стаф
2026-05-25-shattered-temple;25.05.2026;Shattered Temple;Avengers vs Daikon;Avengers;96;96;src/data/matches.csv;12;Qukki;Daikon X;;29;51;1260337;508896;58219;Кинжал + Копье
2026-05-25-shattered-temple;25.05.2026;Shattered Temple;Avengers vs Daikon;Avengers;96;96;src/data/matches.csv;13;Niro;Avengers;;28;68;582744;317189;42531;Щит + Двурук
2026-05-25-shattered-temple;25.05.2026;Shattered Temple;Avengers vs Daikon;Avengers;96;96;src/data/matches.csv;14;JeesongVazquez;Daikon X;;28;56;1143600;533778;516395;Лук + Ванда
2026-05-25-shattered-temple;25.05.2026;Shattered Temple;Avengers vs Daikon;Avengers;96;96;src/data/matches.csv;15;JeleBoss;Avengers;;27;67;1014877;403506;50912;Кинжал + Копье
2026-05-25-shattered-temple;25.05.2026;Shattered Temple;Avengers vs Daikon;Avengers;96;96;src/data/matches.csv;16;Windfuryk;Daikon X;;25;38;665669;524106;106850;Арбалет + Двурук
2026-05-25-shattered-temple;25.05.2026;Shattered Temple;Avengers vs Daikon;Avengers;96;96;src/data/matches.csv;17;eBosh;Daikon X;;24;62;1099572;596731;335389;Лук + Стаф
2026-05-25-shattered-temple;25.05.2026;Shattered Temple;Avengers vs Daikon;Avengers;96;96;src/data/matches.csv;18;DOMENIK;Avengers;;24;41;559429;318805;37371;Кинжал + Копье
2026-05-25-shattered-temple;25.05.2026;Shattered Temple;Avengers vs Daikon;Avengers;96;96;src/data/matches.csv;19;benefistqqs;Daikon S;;23;11;580924;355122;76471;Арбалет + Кинжал
2026-05-25-shattered-temple;25.05.2026;Shattered Temple;Avengers vs Daikon;Avengers;96;96;src/data/matches.csv;20;Closegame;Daikon X;;20;61;1214334;439802;296387;Лук + Стаф
2026-05-25-shattered-temple;25.05.2026;Shattered Temple;Avengers vs Daikon;Avengers;96;96;src/data/matches.csv;21;Ache;Daikon X;;20;59;1282100;652694;61477;Кинжал + Копье
2026-05-25-shattered-temple;25.05.2026;Shattered Temple;Avengers vs Daikon;Avengers;96;96;src/data/matches.csv;22;inothing;Daikon X;;20;57;1447575;482020;62396;Кинжал + Копье
2026-05-25-shattered-temple;25.05.2026;Shattered Temple;Avengers vs Daikon;Avengers;96;96;src/data/matches.csv;23;xZergerTTV;Avengers;;19;55;331451;279836;37527;Щит + Двурук
2026-05-25-shattered-temple;25.05.2026;Shattered Temple;Avengers vs Daikon;Avengers;96;96;src/data/matches.csv;24;Shine;Avengers;;17;105;1139490;396171;317112;Лук + Стаф
2026-05-25-shattered-temple;25.05.2026;Shattered Temple;Avengers vs Daikon;Avengers;96;96;src/data/matches.csv;25;Arzikkkk;Daikon X;;16;16;362752;364157;79693;Арбалет + Кинжал
2026-05-25-shattered-temple;25.05.2026;Shattered Temple;Avengers vs Daikon;Avengers;96;96;src/data/matches.csv;26;Azazalalka;Avengers;;13;54;761532;473703;55080;Кинжал + Копье
2026-05-25-shattered-temple;25.05.2026;Shattered Temple;Avengers vs Daikon;Avengers;96;96;src/data/matches.csv;27;pisun;Daikon X;;13;46;1024215;582454;64861;Кинжал + Копье
2026-05-25-shattered-temple;25.05.2026;Shattered Temple;Avengers vs Daikon;Avengers;96;96;src/data/matches.csv;28;PoisonHeart;Daikon X;;13;39;890252;445716;54596;Кинжал + Копье
2026-05-25-shattered-temple;25.05.2026;Shattered Temple;Avengers vs Daikon;Avengers;96;96;src/data/matches.csv;29;Hurioku;Avengers;;13;28;314166;395962;77620;Кинжал + Двурук
2026-05-25-shattered-temple;25.05.2026;Shattered Temple;Avengers vs Daikon;Avengers;96;96;src/data/matches.csv;30;Suffa;Daikon X;;11;29;481050;289583;73023;Стаф + Кинжал
2026-05-25-shattered-temple;25.05.2026;Shattered Temple;Avengers vs Daikon;Avengers;96;96;src/data/matches.csv;31;BLOGer;Avengers;;8;58;666846;389865;49760;Кинжал + Копье
2026-05-25-shattered-temple;25.05.2026;Shattered Temple;Avengers vs Daikon;Avengers;96;96;src/data/matches.csv;32;ValerchikSladki;Avengers;;8;57;632189;486468;159385;Лук + Стаф
2026-05-25-shattered-temple;25.05.2026;Shattered Temple;Avengers vs Daikon;Avengers;96;96;src/data/matches.csv;33;N1sh1da;Daikon X;;8;30;424325;325305;52690;Стаф + Кинжал
2026-05-25-shattered-temple;25.05.2026;Shattered Temple;Avengers vs Daikon;Avengers;96;96;src/data/matches.csv;34;seey;Avengers;;4;41;161740;221467;2914333;Лук + Ванда
2026-05-25-shattered-temple;25.05.2026;Shattered Temple;Avengers vs Daikon;Avengers;96;96;src/data/matches.csv;35;Bellial;Avengers;;4;17;212966;355054;2274723;Лук + Ванда
2026-05-25-shattered-temple;25.05.2026;Shattered Temple;Avengers vs Daikon;Avengers;96;96;src/data/matches.csv;36;DeSad;Avengers;;4;17;154041;470126;82381;Щит + Двурук
2026-05-25-shattered-temple;25.05.2026;Shattered Temple;Avengers vs Daikon;Avengers;96;96;src/data/matches.csv;37;ubica;Daikon X;;4;16;256256;604882;90788;Щит + Двурук
2026-05-25-shattered-temple;25.05.2026;Shattered Temple;Avengers vs Daikon;Avengers;96;96;src/data/matches.csv;38;Delri;Avengers;;4;12;200498;492742;2432454;Лук + Ванда
2026-05-25-shattered-temple;25.05.2026;Shattered Temple;Avengers vs Daikon;Avengers;96;96;src/data/matches.csv;39;ОМЕРТА;Daikon X;;4;10;116445;403248;73699;Щит + Двурук
2026-05-25-shattered-temple;25.05.2026;Shattered Temple;Avengers vs Daikon;Avengers;96;96;src/data/matches.csv;40;JamalTeb9ibal;Daikon X;;3;17;325767;621560;82885;Копье + Двурук
2026-05-25-shattered-temple;25.05.2026;Shattered Temple;Avengers vs Daikon;Avengers;96;96;src/data/matches.csv;41;Slaboymie;Avengers;;3;17;89509;316357;41734;Щит + Двурук
2026-05-25-shattered-temple;25.05.2026;Shattered Temple;Avengers vs Daikon;Avengers;96;96;src/data/matches.csv;42;Vamp1R;Avengers;;3;15;152896;476593;80077;Щит + Двурук
2026-05-25-shattered-temple;25.05.2026;Shattered Temple;Avengers vs Daikon;Avengers;96;96;src/data/matches.csv;43;RusHH;Avengers;;3;13;241905;457214;2159062;Лук + Ванда
2026-05-25-shattered-temple;25.05.2026;Shattered Temple;Avengers vs Daikon;Avengers;96;96;src/data/matches.csv;44;Няки;Daikon X;;3;11;224344;506335;1143857;Лук + Ванда
2026-05-25-shattered-temple;25.05.2026;Shattered Temple;Avengers vs Daikon;Avengers;96;96;src/data/matches.csv;45;OboYouDno;Avengers;;3;10;173384;304542;1681315;Лук + Ванда
2026-05-25-shattered-temple;25.05.2026;Shattered Temple;Avengers vs Daikon;Avengers;96;96;src/data/matches.csv;46;Mordred;Avengers;;3;10;65547;507221;112482;Щит + Двурук
2026-05-25-shattered-temple;25.05.2026;Shattered Temple;Avengers vs Daikon;Avengers;96;96;src/data/matches.csv;47;tako;Daikon X;;3;1;92647;399844;843212;Лук + Ванда
2026-05-25-shattered-temple;25.05.2026;Shattered Temple;Avengers vs Daikon;Avengers;96;96;src/data/matches.csv;48;Wopwop;Daikon X;;2;18;237355;598653;2046253;Лук + Ванда
2026-05-25-shattered-temple;25.05.2026;Shattered Temple;Avengers vs Daikon;Avengers;96;96;src/data/matches.csv;49;Elinur;Daikon X;;2;13;278981;463987;1975652;Лук + Ванда
2026-05-25-shattered-temple;25.05.2026;Shattered Temple;Avengers vs Daikon;Avengers;96;96;src/data/matches.csv;50;Cardinal;Avengers;;2;11;184581;376929;1957550;Лук + Ванда
2026-05-25-shattered-temple;25.05.2026;Shattered Temple;Avengers vs Daikon;Avengers;96;96;src/data/matches.csv;51;Marshmello;Daikon X;;2;10;231202;485685;1089485;Лук + Ванда
2026-05-25-shattered-temple;25.05.2026;Shattered Temple;Avengers vs Daikon;Avengers;96;96;src/data/matches.csv;52;Lodow;Daikon X;;2;10;230403;353653;96451;Щит + Двурук
2026-05-25-shattered-temple;25.05.2026;Shattered Temple;Avengers vs Daikon;Avengers;96;96;src/data/matches.csv;53;Laguna;Avengers;;2;8;131493;206316;1562524;Лук + Ванда
2026-05-25-shattered-temple;25.05.2026;Shattered Temple;Avengers vs Daikon;Avengers;96;96;src/data/matches.csv;54;Kashej;Daikon X;;2;7;160655;597323;74355;Щит + Двурук
2026-05-25-shattered-temple;25.05.2026;Shattered Temple;Avengers vs Daikon;Avengers;96;96;src/data/matches.csv;55;Leper;Avengers;;2;4;37801;546801;90951;Щит + Двурук
2026-05-25-shattered-temple;25.05.2026;Shattered Temple;Avengers vs Daikon;Avengers;96;96;src/data/matches.csv;56;Sonyaltywka;Avengers;;2;3;116941;300512;1251724;Лук + Ванда
2026-05-25-shattered-temple;25.05.2026;Shattered Temple;Avengers vs Daikon;Avengers;96;96;src/data/matches.csv;57;МамутРахал;Daikon X;;1;25;302200;806773;138030;Щит + Двурук
2026-05-25-shattered-temple;25.05.2026;Shattered Temple;Avengers vs Daikon;Avengers;96;96;src/data/matches.csv;58;Hmem;Avengers;;1;18;178183;717449;108953;Щит + Двурук
2026-05-25-shattered-temple;25.05.2026;Shattered Temple;Avengers vs Daikon;Avengers;96;96;src/data/matches.csv;59;Mant1s;Avengers;;1;17;66422;510325;90800;Щит + Двурук
2026-05-25-shattered-temple;25.05.2026;Shattered Temple;Avengers vs Daikon;Avengers;96;96;src/data/matches.csv;60;COMsA;Avengers;;1;13;85850;486930;80968;Щит + Двурук
2026-05-25-shattered-temple;25.05.2026;Shattered Temple;Avengers vs Daikon;Avengers;96;96;src/data/matches.csv;61;Fiarcherry;xAvengers;;1;10;124970;341815;1292328;Лук + Ванда
2026-05-25-shattered-temple;25.05.2026;Shattered Temple;Avengers vs Daikon;Avengers;96;96;src/data/matches.csv;62;Z4y4c;Avengers;;1;10;70059;546392;26385;Щит + Двурук
2026-05-25-shattered-temple;25.05.2026;Shattered Temple;Avengers vs Daikon;Avengers;96;96;src/data/matches.csv;63;Wolfraine;Daikon X;;1;9;104658;560359;1242835;Лук + Ванда
2026-05-25-shattered-temple;25.05.2026;Shattered Temple;Avengers vs Daikon;Avengers;96;96;src/data/matches.csv;64;mnegrustno;Avengers;;1;7;153445;288088;1257437;Лук + Ванда
2026-05-25-shattered-temple;25.05.2026;Shattered Temple;Avengers vs Daikon;Avengers;96;96;src/data/matches.csv;65;KORKA;x Mark;;1;7;76052;436762;79883;Щит + Двурук
2026-05-25-shattered-temple;25.05.2026;Shattered Temple;Avengers vs Daikon;Avengers;96;96;src/data/matches.csv;66;b33ha;Avengers;;1;6;92239;342492;1816396;Лук + Ванда
2026-05-25-shattered-temple;25.05.2026;Shattered Temple;Avengers vs Daikon;Avengers;96;96;src/data/matches.csv;67;MACK;Avengers;;1;6;89880;284489;1306881;Лук + Ванда
2026-05-25-shattered-temple;25.05.2026;Shattered Temple;Avengers vs Daikon;Avengers;96;96;src/data/matches.csv;68;rp93Ha9CBuHb9;Daikon X;;1;5;180390;483339;1578996;Лук + Ванда
2026-05-25-shattered-temple;25.05.2026;Shattered Temple;Avengers vs Daikon;Avengers;96;96;src/data/matches.csv;69;Hurricane;Avengers;;1;5;113206;362232;1537683;Лук + Ванда
2026-05-25-shattered-temple;25.05.2026;Shattered Temple;Avengers vs Daikon;Avengers;96;96;src/data/matches.csv;70;Exayzen;Daikon X;;1;5;103373;567109;1463229;Лук + Ванда
2026-05-25-shattered-temple;25.05.2026;Shattered Temple;Avengers vs Daikon;Avengers;96;96;src/data/matches.csv;71;Mavr;Daikon X;;1;5;95708;507467;1316486;Лук + Ванда
2026-05-25-shattered-temple;25.05.2026;Shattered Temple;Avengers vs Daikon;Avengers;96;96;src/data/matches.csv;72;AnimeKABAN;Daikon X;;1;4;49439;507945;82461;Щит + Двурук
2026-05-25-shattered-temple;25.05.2026;Shattered Temple;Avengers vs Daikon;Avengers;96;96;src/data/matches.csv;73;lolqafoniya;Daikon X;;1;4;42587;161324;28890;Щит + Двурук
2026-05-25-shattered-temple;25.05.2026;Shattered Temple;Avengers vs Daikon;Avengers;96;96;src/data/matches.csv;74;Peoner;Daikon X;;1;3;53175;632989;87538;Щит + Двурук
2026-05-25-shattered-temple;25.05.2026;Shattered Temple;Avengers vs Daikon;Avengers;96;96;src/data/matches.csv;75;TheSirenQueen;Daikon S;;1;2;74508;600363;956761;Лук + Ванда
2026-05-25-shattered-temple;25.05.2026;Shattered Temple;Avengers vs Daikon;Avengers;96;96;src/data/matches.csv;76;WangXian;Avengers;;1;2;35242;467586;52426;Щит + Двурук
2026-05-25-shattered-temple;25.05.2026;Shattered Temple;Avengers vs Daikon;Avengers;96;96;src/data/matches.csv;77;Культура;Daikon X;;1;1;15668;489250;99494;Щит + Двурук
2026-05-25-shattered-temple;25.05.2026;Shattered Temple;Avengers vs Daikon;Avengers;96;96;src/data/matches.csv;78;Arslonga;Avengers;;0;25;62797;257162;1926622;Лук + Ванда
2026-05-25-shattered-temple;25.05.2026;Shattered Temple;Avengers vs Daikon;Avengers;96;96;src/data/matches.csv;79;dvchel;Avengers;;0;18;100409;610602;128039;Щит + Двурук
2026-05-25-shattered-temple;25.05.2026;Shattered Temple;Avengers vs Daikon;Avengers;96;96;src/data/matches.csv;80;WarCat;Daikon X;;0;10;122534;524624;116521;Щит + Двурук
2026-05-25-shattered-temple;25.05.2026;Shattered Temple;Avengers vs Daikon;Avengers;96;96;src/data/matches.csv;81;Наепочек;Daikon X;;0;7;135358;537848;1948740;Лук + Ванда
2026-05-25-shattered-temple;25.05.2026;Shattered Temple;Avengers vs Daikon;Avengers;96;96;src/data/matches.csv;82;ILord;Avengers;;0;6;62031;519251;1498299;Лук + Ванда
2026-05-25-shattered-temple;25.05.2026;Shattered Temple;Avengers vs Daikon;Avengers;96;96;src/data/matches.csv;83;hxvvxn;Daikon X;;0;5;86188;545621;104456;Щит + Двурук
2026-05-25-shattered-temple;25.05.2026;Shattered Temple;Avengers vs Daikon;Avengers;96;96;src/data/matches.csv;84;D1votee;Avengers;;0;5;77388;504261;61313;Щит + Двурук
2026-05-25-shattered-temple;25.05.2026;Shattered Temple;Avengers vs Daikon;Avengers;96;96;src/data/matches.csv;85;cIns;Daikon X;;0;5;65239;435028;121379;Щит + Двурук
2026-05-25-shattered-temple;25.05.2026;Shattered Temple;Avengers vs Daikon;Avengers;96;96;src/data/matches.csv;86;Airetale;Avengers;;0;5;34063;228705;231293;Стаф + Ванда
2026-05-25-shattered-temple;25.05.2026;Shattered Temple;Avengers vs Daikon;Avengers;96;96;src/data/matches.csv;87;Дизэль;Daikon X;;0;3;126779;473818;967479;Лук + Ванда
2026-05-25-shattered-temple;25.05.2026;Shattered Temple;Avengers vs Daikon;Avengers;96;96;src/data/matches.csv;88;Администратор;Daikon X;;0;3;65728;592687;149990;Щит + Двурук
2026-05-25-shattered-temple;25.05.2026;Shattered Temple;Avengers vs Daikon;Avengers;96;96;src/data/matches.csv;89;соль;Avengers;;0;3;51964;309717;898436;Лук + Ванда
2026-05-25-shattered-temple;25.05.2026;Shattered Temple;Avengers vs Daikon;Avengers;96;96;src/data/matches.csv;90;FinnBK;Daikon X;;0;2;81424;318032;771621;Лук + Ванда
2026-05-25-shattered-temple;25.05.2026;Shattered Temple;Avengers vs Daikon;Avengers;96;96;src/data/matches.csv;91;Serbhey;Daikon X;;0;2;22801;336187;775550;Лук + Ванда
2026-05-25-shattered-temple;25.05.2026;Shattered Temple;Avengers vs Daikon;Avengers;96;96;src/data/matches.csv;92;Benibana;Daikon X;;0;1;80865;531014;664803;Лук + Ванда
2026-05-25-shattered-temple;25.05.2026;Shattered Temple;Avengers vs Daikon;Avengers;96;96;src/data/matches.csv;93;MrGORN;Daikon S;;0;1;79468;553380;120962;Щит + Двурук
2026-05-25-shattered-temple;25.05.2026;Shattered Temple;Avengers vs Daikon;Avengers;96;96;src/data/matches.csv;94;pisulina;Daikon X;;0;0;97374;448415;1030415;Лук + Ванда
2026-05-25-shattered-temple;25.05.2026;Shattered Temple;Avengers vs Daikon;Avengers;96;96;src/data/matches.csv;95;shibaketerayo;Daikon X;;0;0;12750;411545;279298;Щит + Двурук
2026-05-25-shattered-temple;25.05.2026;Shattered Temple;Avengers vs Daikon;Avengers;96;96;src/data/matches.csv;96;Kruzuatos;Daikon X;;0;0;0;17814;0;Копье + Двурук
2026-05-25-carmine-forest;25.05.2026;Carmine Forest;Avengers vs Daikon;Avengers;90;96;src/data/matches.csv;1;Farious;Avengers;;101;155;2602127;425720;41835;Кинжал + Копье
2026-05-25-carmine-forest;25.05.2026;Carmine Forest;Avengers vs Daikon;Avengers;90;96;src/data/matches.csv;2;Senslvity;Avengers;;87;170;2937655;555001;494577;Лук + Кинжал
2026-05-25-carmine-forest;25.05.2026;Carmine Forest;Avengers vs Daikon;Avengers;90;96;src/data/matches.csv;3;NotFound;Avengers;;80;170;2485065;801946;48814;Кинжал + Копье
2026-05-25-carmine-forest;25.05.2026;Carmine Forest;Avengers vs Daikon;Avengers;90;96;src/data/matches.csv;4;st0n3;Avengers;;76;83;1599849;570896;80391;Арбалет + Двурук
2026-05-25-carmine-forest;25.05.2026;Carmine Forest;Avengers vs Daikon;Avengers;90;96;src/data/matches.csv;5;Funeral;Avengers;;69;193;2473383;760265;512386;Лук + Стаф
2026-05-25-carmine-forest;25.05.2026;Carmine Forest;Avengers vs Daikon;Avengers;90;96;src/data/matches.csv;6;Shax;Avengers;;60;92;1101508;260473;57352;Арбалет + Кинжал
2026-05-25-carmine-forest;25.05.2026;Carmine Forest;Avengers vs Daikon;Avengers;90;96;src/data/matches.csv;7;iNell;Avengers;;56;96;1129930;327473;53783;Арбалет + Кинжал
2026-05-25-carmine-forest;25.05.2026;Carmine Forest;Avengers vs Daikon;Avengers;90;96;src/data/matches.csv;8;PowQQ;Avengers;;54;141;1781578;575334;62774;Кинжал + Копье
2026-05-25-carmine-forest;25.05.2026;Carmine Forest;Avengers vs Daikon;Avengers;90;96;src/data/matches.csv;9;Rose;Daikon X;;54;99;1946270;807006;381879;Лук + Стаф
2026-05-25-carmine-forest;25.05.2026;Carmine Forest;Avengers vs Daikon;Avengers;90;96;src/data/matches.csv;10;JeleBoss;Avengers;;48;121;1734680;456663;66272;Кинжал + Копье
2026-05-25-carmine-forest;25.05.2026;Carmine Forest;Avengers vs Daikon;Avengers;90;96;src/data/matches.csv;11;Shine;Avengers;;47;148;1681104;678032;354507;Лук + Стаф
2026-05-25-carmine-forest;25.05.2026;Carmine Forest;Avengers vs Daikon;Avengers;90;96;src/data/matches.csv;12;Qukki;Daikon X;;42;114;1839802;602964;74093;Кинжал + Копье
2026-05-25-carmine-forest;25.05.2026;Carmine Forest;Avengers vs Daikon;Avengers;90;96;src/data/matches.csv;13;pisun;Daikon X;;41;106;1789884;750355;78854;Кинжал + Копье
2026-05-25-carmine-forest;25.05.2026;Carmine Forest;Avengers vs Daikon;Avengers;90;96;src/data/matches.csv;14;Closegame;Daikon X;;40;76;1601213;595061;250579;Лук + Стаф
2026-05-25-carmine-forest;25.05.2026;Carmine Forest;Avengers vs Daikon;Avengers;90;96;src/data/matches.csv;15;Luciquiell;Avengers;;39;151;1755512;665025;295052;Лук + Стаф
2026-05-25-carmine-forest;25.05.2026;Carmine Forest;Avengers vs Daikon;Avengers;90;96;src/data/matches.csv;16;Osss;Avengers;;38;59;893941;546412;41235;Кинжал + Копье
2026-05-25-carmine-forest;25.05.2026;Carmine Forest;Avengers vs Daikon;Avengers;90;96;src/data/matches.csv;17;Niro;Avengers;;37;67;655727;340879;38056;Щит + Двурук
2026-05-25-carmine-forest;25.05.2026;Carmine Forest;Avengers vs Daikon;Avengers;90;96;src/data/matches.csv;18;Formxt;Avengers;;35;143;1789172;603587;69285;Кинжал + Копье
2026-05-25-carmine-forest;25.05.2026;Carmine Forest;Avengers vs Daikon;Avengers;90;96;src/data/matches.csv;19;Ache;Daikon X;;35;100;1952847;687342;73378;Кинжал + Копье
2026-05-25-carmine-forest;25.05.2026;Carmine Forest;Avengers vs Daikon;Avengers;90;96;src/data/matches.csv;20;inothing;Daikon X;;35;90;1654735;540893;73186;Кинжал + Копье
2026-05-25-carmine-forest;25.05.2026;Carmine Forest;Avengers vs Daikon;Avengers;90;96;src/data/matches.csv;21;JeesongVazquez;Daikon X;;35;76;1167565;633812;532628;Лук + Кинжал
2026-05-25-carmine-forest;25.05.2026;Carmine Forest;Avengers vs Daikon;Avengers;90;96;src/data/matches.csv;22;Russer;Daikon X;;33;107;1966680;734811;70693;Кинжал + Копье
2026-05-25-carmine-forest;25.05.2026;Carmine Forest;Avengers vs Daikon;Avengers;90;96;src/data/matches.csv;23;Windfuryk;Daikon X;;33;55;1138338;790549;223544;Арбалет + Двурук
2026-05-25-carmine-forest;25.05.2026;Carmine Forest;Avengers vs Daikon;Avengers;90;96;src/data/matches.csv;24;BLOGer;Avengers;;29;76;1160529;574075;58086;Кинжал + Копье
2026-05-25-carmine-forest;25.05.2026;Carmine Forest;Avengers vs Daikon;Avengers;90;96;src/data/matches.csv;25;Suffa;Daikon X;;25;49;793876;394037;56019;Стаф + Кинжал
2026-05-25-carmine-forest;25.05.2026;Carmine Forest;Avengers vs Daikon;Avengers;90;96;src/data/matches.csv;26;benefistqqs;Daikon S;;23;41;902551;462576;136819;Арбалет + Кинжал
2026-05-25-carmine-forest;25.05.2026;Carmine Forest;Avengers vs Daikon;Avengers;90;96;src/data/matches.csv;27;Azazalalka;Avengers;;22;84;1031814;581046;63844;Кинжал + Копье
2026-05-25-carmine-forest;25.05.2026;Carmine Forest;Avengers vs Daikon;Avengers;90;96;src/data/matches.csv;28;Kruzuatos;Daikon X;;22;79;1154985;1033456;103412;Копье + Двурук
2026-05-25-carmine-forest;25.05.2026;Carmine Forest;Avengers vs Daikon;Avengers;90;96;src/data/matches.csv;29;PoisonHeart;Daikon X;;22;71;1317046;686809;68113;Кинжал + Копье
2026-05-25-carmine-forest;25.05.2026;Carmine Forest;Avengers vs Daikon;Avengers;90;96;src/data/matches.csv;30;N1sh1da;Daikon X;;20;40;589695;348596;71695;Стаф + Кинжал
2026-05-25-carmine-forest;25.05.2026;Carmine Forest;Avengers vs Daikon;Avengers;90;96;src/data/matches.csv;31;eBosh;Daikon X;;19;58;1061226;840489;306144;Лук + Стаф
2026-05-25-carmine-forest;25.05.2026;Carmine Forest;Avengers vs Daikon;Avengers;90;96;src/data/matches.csv;32;DOMENIK;Avengers;;18;64;742129;422111;34489;Кинжал + Копье
2026-05-25-carmine-forest;25.05.2026;Carmine Forest;Avengers vs Daikon;Avengers;90;96;src/data/matches.csv;33;xZergerTTV;Avengers;;16;67;328597;336616;48081;Щит + Двурук
2026-05-25-carmine-forest;25.05.2026;Carmine Forest;Avengers vs Daikon;Avengers;90;96;src/data/matches.csv;34;Arzikkkk;Daikon X;;15;46;679519;478811;164610;Арбалет + Кинжал
2026-05-25-carmine-forest;25.05.2026;Carmine Forest;Avengers vs Daikon;Avengers;90;96;src/data/matches.csv;35;Hmem;Avengers;;9;38;242086;903779;146117;Щит + Двурук
2026-05-25-carmine-forest;25.05.2026;Carmine Forest;Avengers vs Daikon;Avengers;90;96;src/data/matches.csv;36;Slaboymie;Avengers;;7;28;143640;430590;49375;Щит + Двурук
2026-05-25-carmine-forest;25.05.2026;Carmine Forest;Avengers vs Daikon;Avengers;90;96;src/data/matches.csv;37;TheSirenQueen;Daikon S;;7;12;250574;638986;1140656;Лук + Ванда
2026-05-25-carmine-forest;25.05.2026;Carmine Forest;Avengers vs Daikon;Avengers;90;96;src/data/matches.csv;38;Cardinal;Avengers;;6;29;287052;516442;2200351;Лук + Ванда
2026-05-25-carmine-forest;25.05.2026;Carmine Forest;Avengers vs Daikon;Avengers;90;96;src/data/matches.csv;39;Vamp1R;Avengers;;6;20;267642;766980;140003;Щит + Двурук
2026-05-25-carmine-forest;25.05.2026;Carmine Forest;Avengers vs Daikon;Avengers;90;96;src/data/matches.csv;40;Delri;Avengers;;6;19;249716;623830;2679710;Лук + Ванда
2026-05-25-carmine-forest;25.05.2026;Carmine Forest;Avengers vs Daikon;Avengers;90;96;src/data/matches.csv;41;Wopwop;Daikon X;;5;24;377858;1011019;3297679;Лук + Ванда
2026-05-25-carmine-forest;25.05.2026;Carmine Forest;Avengers vs Daikon;Avengers;90;96;src/data/matches.csv;42;ubica;Daikon X;;5;24;367673;835856;189148;Щит + Двурук
2026-05-25-carmine-forest;25.05.2026;Carmine Forest;Avengers vs Daikon;Avengers;90;96;src/data/matches.csv;43;RusHH;Avengers;;5;17;271592;494151;2530797;Лук + Ванда
2026-05-25-carmine-forest;25.05.2026;Carmine Forest;Avengers vs Daikon;Avengers;90;96;src/data/matches.csv;44;seey;Avengers;;4;54;211275;166068;2782933;Лук + Ванда
2026-05-25-carmine-forest;25.05.2026;Carmine Forest;Avengers vs Daikon;Avengers;90;96;src/data/matches.csv;45;JamalTeb9ibal;Daikon X;;4;26;403561;967458;105982;Копье + Двурук
2026-05-25-carmine-forest;25.05.2026;Carmine Forest;Avengers vs Daikon;Avengers;90;96;src/data/matches.csv;46;дтмл;Avengers;;4;19;114080;705399;147327;Щит + Двурук
2026-05-25-carmine-forest;25.05.2026;Carmine Forest;Avengers vs Daikon;Avengers;90;96;src/data/matches.csv;47;Bellial;Avengers;;4;18;211017;609797;2487247;Лук + Ванда
2026-05-25-carmine-forest;25.05.2026;Carmine Forest;Avengers vs Daikon;Avengers;90;96;src/data/matches.csv;48;МамутРахал;Daikon X;;3;23;388016;1097673;213983;Щит + Двурук
2026-05-25-carmine-forest;25.05.2026;Carmine Forest;Avengers vs Daikon;Avengers;90;96;src/data/matches.csv;49;dvchel;Avengers;;3;21;130521;732398;161498;Щит + Двурук
2026-05-25-carmine-forest;25.05.2026;Carmine Forest;Avengers vs Daikon;Avengers;90;96;src/data/matches.csv;50;lolqafoniya;Daikon X;;3;18;203002;696534;150702;Щит + Двурук
2026-05-25-carmine-forest;25.05.2026;Carmine Forest;Avengers vs Daikon;Avengers;90;96;src/data/matches.csv;51;Sonyaltywka;Avengers;;3;12;217608;536196;1530339;Лук + Ванда
2026-05-25-carmine-forest;25.05.2026;Carmine Forest;Avengers vs Daikon;Avengers;90;96;src/data/matches.csv;52;Наепочек;Daikon X;;3;10;169237;552697;1898627;Лук + Ванда
2026-05-25-carmine-forest;25.05.2026;Carmine Forest;Avengers vs Daikon;Avengers;90;96;src/data/matches.csv;53;Exayzen;Daikon X;;3;7;164424;817477;1775831;Лук + Ванда
2026-05-25-carmine-forest;25.05.2026;Carmine Forest;Avengers vs Daikon;Avengers;90;96;src/data/matches.csv;54;Дизэль;Daikon X;;3;6;151823;642228;1416637;Лук + Ванда
2026-05-25-carmine-forest;25.05.2026;Carmine Forest;Avengers vs Daikon;Avengers;90;96;src/data/matches.csv;55;Wolfraine;Daikon X;;3;6;135317;775102;1490481;Лук + Ванда
2026-05-25-carmine-forest;25.05.2026;Carmine Forest;Avengers vs Daikon;Avengers;90;96;src/data/matches.csv;56;Arslonga;Avengers;;2;22;78021;169127;1729727;Лук + Ванда
2026-05-25-carmine-forest;25.05.2026;Carmine Forest;Avengers vs Daikon;Avengers;90;96;src/data/matches.csv;57;Elinur;Daikon X;;2;18;310535;566892;1871686;Лук + Ванда
2026-05-25-carmine-forest;25.05.2026;Carmine Forest;Avengers vs Daikon;Avengers;90;96;src/data/matches.csv;58;Laguna;Avengers;;2;15;262588;293805;1713812;Лук + Ванда
2026-05-25-carmine-forest;25.05.2026;Carmine Forest;Avengers vs Daikon;Avengers;90;96;src/data/matches.csv;59;rp93Ha9CBuHb9;Daikon X;;2;14;198421;481092;1836941;Лук + Ванда
2026-05-25-carmine-forest;25.05.2026;Carmine Forest;Avengers vs Daikon;Avengers;90;96;src/data/matches.csv;60;Fractalize;Daikon X;;2;12;264434;992829;2677006;Лук + Ванда
2026-05-25-carmine-forest;25.05.2026;Carmine Forest;Avengers vs Daikon;Avengers;90;96;src/data/matches.csv;61;Kiray;Avengers;;2;12;160145;537252;1599169;Лук + Ванда
2026-05-25-carmine-forest;25.05.2026;Carmine Forest;Avengers vs Daikon;Avengers;90;96;src/data/matches.csv;62;ОМЕРТА;Daikon X;;2;11;140565;599623;86112;Щит + Двурук
2026-05-25-carmine-forest;25.05.2026;Carmine Forest;Avengers vs Daikon;Avengers;90;96;src/data/matches.csv;63;WangXian;Avengers;;2;8;58841;713198;88406;Щит + Двурук
2026-05-25-carmine-forest;25.05.2026;Carmine Forest;Avengers vs Daikon;Avengers;90;96;src/data/matches.csv;64;Fiarcherry;xAvengers;;2;7;100929;516488;1798995;Лук + Ванда
2026-05-25-carmine-forest;25.05.2026;Carmine Forest;Avengers vs Daikon;Avengers;90;96;src/data/matches.csv;65;Тукиту;Avengers;;2;6;163287;553574;1953844;Лук + Ванда
2026-05-25-carmine-forest;25.05.2026;Carmine Forest;Avengers vs Daikon;Avengers;90;96;src/data/matches.csv;66;Lodow;Daikon X;;2;4;107370;574811;113369;Щит + Двурук
2026-05-25-carmine-forest;25.05.2026;Carmine Forest;Avengers vs Daikon;Avengers;90;96;src/data/matches.csv;67;cIns;Daikon X;;2;4;102717;629080;161159;Щит + Двурук
2026-05-25-carmine-forest;25.05.2026;Carmine Forest;Avengers vs Daikon;Avengers;90;96;src/data/matches.csv;68;Marshmello;Daikon X;;1;18;311336;666183;1114173;Лук + Ванда
2026-05-25-carmine-forest;25.05.2026;Carmine Forest;Avengers vs Daikon;Avengers;90;96;src/data/matches.csv;69;COMsA;Avengers;;1;18;106487;649487;114858;Щит + Двурук
2026-05-25-carmine-forest;25.05.2026;Carmine Forest;Avengers vs Daikon;Avengers;90;96;src/data/matches.csv;70;Листочек;x Mark;;1;17;93700;704840;68489;Щит + Двурук
2026-05-25-carmine-forest;25.05.2026;Carmine Forest;Avengers vs Daikon;Avengers;90;96;src/data/matches.csv;71;D1votee;Avengers;;1;16;71821;845684;79371;Щит + Двурук
2026-05-25-carmine-forest;25.05.2026;Carmine Forest;Avengers vs Daikon;Avengers;90;96;src/data/matches.csv;72;GachiBear;Avengers;;1;12;101890;703208;145437;Щит + Двурук
2026-05-25-carmine-forest;25.05.2026;Carmine Forest;Avengers vs Daikon;Avengers;90;96;src/data/matches.csv;73;Няки;Daikon X;;1;10;176764;738079;1059208;Лук + Ванда
2026-05-25-carmine-forest;25.05.2026;Carmine Forest;Avengers vs Daikon;Avengers;90;96;src/data/matches.csv;74;Kashej;Daikon X;;1;9;230214;551751;78262;Щит + Двурук
2026-05-25-carmine-forest;25.05.2026;Carmine Forest;Avengers vs Daikon;Avengers;90;96;src/data/matches.csv;75;ILord;Avengers;;1;9;121179;549182;1558543;Лук + Ванда
2026-05-25-carmine-forest;25.05.2026;Carmine Forest;Avengers vs Daikon;Avengers;90;96;src/data/matches.csv;76;Leper;Avengers;;1;9;54588;826605;91756;Щит + Двурук
2026-05-25-carmine-forest;25.05.2026;Carmine Forest;Avengers vs Daikon;Avengers;90;96;src/data/matches.csv;77;WarCat;Daikon X;;1;8;165657;628706;133402;Щит + Двурук
2026-05-25-carmine-forest;25.05.2026;Carmine Forest;Avengers vs Daikon;Avengers;90;96;src/data/matches.csv;78;hxvvxn;Daikon X;;1;8;95766;793287;134011;Щит + Двурук
2026-05-25-carmine-forest;25.05.2026;Carmine Forest;Avengers vs Daikon;Avengers;90;96;src/data/matches.csv;79;Airetale;Avengers;;1;8;69083;349277;323298;Стаф + Ванда
2026-05-25-carmine-forest;25.05.2026;Carmine Forest;Avengers vs Daikon;Avengers;90;96;src/data/matches.csv;80;Mavr;Daikon X;;1;6;96253;536213;1296593;Лук + Ванда
2026-05-25-carmine-forest;25.05.2026;Carmine Forest;Avengers vs Daikon;Avengers;90;96;src/data/matches.csv;81;FinnBK;Daikon X;;1;5;97761;472931;843499;Лук + Ванда
2026-05-25-carmine-forest;25.05.2026;Carmine Forest;Avengers vs Daikon;Avengers;90;96;src/data/matches.csv;82;соль;Avengers;;1;5;78461;433672;1159511;Лук + Ванда
2026-05-25-carmine-forest;25.05.2026;Carmine Forest;Avengers vs Daikon;Avengers;90;96;src/data/matches.csv;83;pisulina;Daikon X;;1;3;129729;629870;1012766;Лук + Ванда
2026-05-25-carmine-forest;25.05.2026;Carmine Forest;Avengers vs Daikon;Avengers;90;96;src/data/matches.csv;84;Peoner;Daikon X;;1;1;101703;1045364;114661;Щит + Двурук
2026-05-25-carmine-forest;25.05.2026;Carmine Forest;Avengers vs Daikon;Avengers;90;96;src/data/matches.csv;85;Mant1s;Avengers;;0;18;76588;738213;98816;Щит + Двурук
2026-05-25-carmine-forest;25.05.2026;Carmine Forest;Avengers vs Daikon;Avengers;90;96;src/data/matches.csv;86;Mordred;Avengers;;0;17;96322;822925;172705;Щит + Двурук
2026-05-25-carmine-forest;25.05.2026;Carmine Forest;Avengers vs Daikon;Avengers;90;96;src/data/matches.csv;87;OboYouDno;Avengers;;0;15;247525;494228;1850183;Лук + Ванда
2026-05-25-carmine-forest;25.05.2026;Carmine Forest;Avengers vs Daikon;Avengers;90;96;src/data/matches.csv;88;b33ha;Avengers;;0;13;136797;594543;2311818;Лук + Ванда
2026-05-25-carmine-forest;25.05.2026;Carmine Forest;Avengers vs Daikon;Avengers;90;96;src/data/matches.csv;89;Hurricane;Avengers;;0;7;89886;609518;1582279;Лук + Ванда
2026-05-25-carmine-forest;25.05.2026;Carmine Forest;Avengers vs Daikon;Avengers;90;96;src/data/matches.csv;90;Администратор;Daikon X;;0;6;109537;822690;187890;Щит + Двурук
